photo,full_name,mother_name,date_of_birth,cpf,cns,address.cep,address.street,address.number,address.complement,address.neighborhood,address.city,address.state
https://picsum.photos/202,José Silva,Ana Moreira Silva,1975-05-15,84539871307,130791287900005,12345000,Rua das Flores,100,apto 101,Centro,Florianópolis,SC
https://picsum.photos/203,Maria Santos,Sônia Santos,1980-10-20,42576319963,165560134580008,54321000,Rua São Paulo,500,casa C,Jardim Paulista,São Paulo,SP
https://picsum.photos/204,João Oliveira,Ana Oliveira,1992-03-25,16654336550,194837258720003,65432000,Rua da Paz,200,apto 9 Bloco C,Centro,Rio de Janeiro,RJ
https://picsum.photos/205,Ana Julia Souza,Maria Souza,1978-12-05,63877632580,109538753760005,76543210,Avenida Brasil,700,apto 45,Jardim América,Goiânia,GO
https://picsum.photos/206,Carlos Ferreira,Silvia Ferreira,1987-08-30,20683536605,297279741520003,87654320,Rua das Oliveiras,150,casa A,Vila Nova,Porto Alegre,RS
https://picsum.photos/207,Luiz Costa,Marcia Costa,1965-06-18,82051824002,847916775910001,98765432,Avenida 7 de Setembro,800,Kitnet 104,Centro,Salvador,BA
https://picsum.photos/208,Juliana Santos,Beatriz Santos,1990-04-12,71842278320,288772132870004,76543000,Rua das Acácias,250,Casa amarela,Jardim das Flores,São Paulo,SP
https://picsum.photos/209,Marcos Oliveira,Paula Oliveira,1984-09-08,64633207652,967086835460006,87654321,Rua das Margaridas,300,apto 304,Centro,Curitiba,PR
https://picsum.photos/210,Carla Almeida,Lucia Almeida,1973-11-28,71582663548,246704041080007,98765430,Avenida Central,350,apto 207 bloco C,Centro,Brasília,DF
https://picsum.photos/211,Eduardo Lima,Sandra Lima,1981-02-14,68788644707,241031019380004,65432100,Rua das Palmeiras,400,casa D,Jardim das Flores,Belo Horizonte,MG
https://picsum.photos/212,Ana Oliveira,Rita Oliveira,1995-07-02,65306757103,299316274680003,76543290,Rua dos Ipês,450, casa verde,Vila Nova,Porto Alegre,RS
https://picsum.photos/213,Gabriel Silva,Simone Silva,1986-11-10,66827651851,789677528900002,87654320,Avenida das Américas,500, sobrado Aquila,Barra da Tijuca,Rio de Janeiro,RJ
https://picsum.photos/214,Luciana Costa,Tatiana Costa,1979-04-06,93675808270,712273475830007,98765432,Rua 15 de Novembro,550, apto 301,Centro,Blumenau,SC
https://picsum.photos/215,Pedro Santos,Fernanda Santos,1971-09-23,77303878750,787434906220009,76543000,Rua das Laranjeiras,600, apto 90,Jardim das Flores,São Paulo,SP
https://picsum.photos/216,Marcela Oliveira,Leticia Oliveira,1993-12-30,54427458556,182522769220000,87654321,Rua das Violetas,650, condominio Sebastian,Vila Nova,Porto Alegre,RS
https://picsum.photos/217,Roberto Almeida,Lucia Almeida,1974-08-15,32496258097,778941774670006,98765430,Avenida dos Estados,700, apto 209 bloco B,Centro,Brasília,DF
https://picsum.photos/218,Daniela Lima,Lorena Lima,1988-03-19,55252512728,908066997140001,65432100,Rua das Hortências,750,casa fundos,Jardim das Flores,Belo Horizonte,MG
https://picsum.photos/219,Antonio Oliveira,Elaine Oliveira,1980-06-22,86985286194,161799920830005,76543290,Rua das Orquídeas,800,apto 40,Vila Nova,Porto Alegre,RS
https://picsum.photos/220,Beatriz Silva,Simone Silva,1998-01-05,75519944245,771159691670006,98765432,Rua Marechal Deodoro,850,apto 89,Centro,Blumenau,SC
